model,num_users,num_items,max_len,d_model,n_heads,n_layers,dropout,batch_size,lr,weight_decay,epochs,train_total_sec,test_eval_sec,HR@10,NDCG@10,MRR@10,Recall@10
benchmark_sasrec_base,138493,26744,200,256,4,4,0.1,256,0.001,0.0001,51,5213.154753888026,32.8739224486053,0.05376445018881821,0.028417960806686734,0.020767412575662832,0.05376445018881821
