model,num_users,num_items,max_len,d_model,n_heads,n_layers,dropout,batch_size,lr,weight_decay,epochs,train_total_sec,test_eval_sec,HR@10,NDCG@10,MRR@10,Recall@10
sasrec_structured,137474,15405,200,128,4,2,0.2,128,0.001,1e-05,10,1966.953739718534,49.77592590358108,0.022338769512780597,0.0109354325501593,0.00752162717752573,0.022338769512780597
