model,num_users,num_items,max_len,d_model,n_heads,n_layers,dropout,batch_size,lr,weight_decay,epochs,train_total_sec,test_eval_sec,HR@10,NDCG@10,MRR@10,Recall@10
sasrec_base_id_only,137474,15405,200,128,4,2,0.2,128,0.001,1e-05,10,1918.4896235121414,48.76652740780264,0.02288432721823763,0.011223335112472225,0.00771772197732742,0.02288432721823763
