model,num_users,num_items,max_len,d_model,n_heads,n_layers,dropout,batch_size,lr,weight_decay,epochs_planned,train_total_sec,test_eval_sec,HR@10,NDCG@10,MRR@10,Recall@10
sasrec_base_full_positive_u5,138493,26744,200,256,4,4,0.1,256,0.001,1e-05,20,2997.7791950721294,38.751801408827305,0.04395890044984223,0.023769240996612862,0.017660628426696003,0.04395890044984223
