model,num_users,num_items,max_len,d_model,n_heads,n_layers,dropout,batch_size,lr,weight_decay,epochs,train_total_sec,test_eval_sec,HR@10,NDCG@10,MRR@10,Recall@10
sasrec_structured_gated,137474,15405,200,128,4,2,0.2,128,0.0005,1e-05,6,1184.4001576043665,49.95582476723939,0.023502625951088933,0.011680522884475632,0.00812247095035114,0.023502625951088933
